Workbook

Sheet Products
A1: Products ID | B1: Product | C1: Category | D1: Price
A2: 101 | B2: Product A | C2: Electronics | D2: 120
A3: 102 | B3: Product B | C3: Furniture | D3: 150
A4: 103 | B4: Product C | C4: Electronics | D4: 200
A5: 104 | B5: Product D | C5: Clothing | D5: 90
A6: 105 | B6: Product E | C6: Furniture | D6: 220
A7: 106 | B7: Product F | C7: Electronics | D7: 130

Sheet Orders
A1: Order ID | B1: ProductID | C1: Quantity
A2: 1 | B2: 101 | C2: 2
A3: 2 | B3: 103 | C3: 1
A4: 3 | B4: 105 | C4: 4
A5: 4 | B5: 106 | C5: 3
A6: 5 | B6: 102 | C6: 5
A7: 6 | B7: 104 | C7: 6
A9: 1. Use VLOOKUP to dynamically find the unit price for each ProductID in the Orders worksheet and calculate the total price.
A11: Order ID | B11: ProductID | C11: Quantity | D11: Unit Price | E11: Total Price | G11: ProductID | H11: Unit Price | I11: Total Price
A12: 1 | B12: 101 | C12: 2 | D12: =VLOOKUP(B12,Products!A1:D7,4,0) -> 120 | E12: =C12*D12 -> 240 | G12: 101 | H12: =VLOOKUP(G12,B11:E17,3,0) -> 120 | I12: =VLOOKUP(G12,B11:E17,4,0) -> 240
A13: 5 | B13: 102 | C13: 5 | D13: =VLOOKUP(B13,Products!A2:D8,4,0) -> 150 | E13: =C13*D13 -> 750
A14: 2 | B14: 103 | C14: 1 | D14: =VLOOKUP(B14,Products!A3:D9,4,0) -> 200 | E14: =C14*D14 -> 200
A15: 6 | B15: 104 | C15: 6 | D15: =VLOOKUP(B15,Products!A4:D10,4,0) -> 90 | E15: =C15*D15 -> 540
A16: 3 | B16: 105 | C16: 4 | D16: =VLOOKUP(B16,Products!A5:D11,4,0) -> 220 | E16: =C16*D16 -> 880
A17: 4 | B17: 106 | C17: 3 | D17: =VLOOKUP(B17,Products!A6:D12,4,0) -> 130 | E17: =C17*D17 -> 390
A19: 2. Use nested VLOOKUP to find the category of each product in the Orders worksheet.
A21: ProductID | B21: Quantity | C21: Unit Price | D21: Total Price | E21: Category
A22: 101 | B22: 2 | C22: =VLOOKUP(A22,Products!A1:D7,4,0) -> 120 | D22: =B22*C22 -> 240 | E22: =_xlfn.IFNA(VLOOKUP(VLOOKUP(A22,Products!A1:B7,2,0),Products!B1:C7,2,0),"Not Available") -> Electronics
A23: 102 | B23: 5 | C23: =VLOOKUP(A23,Products!A2:D8,4,0) -> 150 | D23: =B23*C23 -> 750 | E23: =_xlfn.IFNA(VLOOKUP(VLOOKUP(A23,Products!A2:B8,2,0),Products!B2:C8,2,0),"Not Available") -> Furniture
A24: 103 | B24: 1 | C24: =VLOOKUP(A24,Products!A3:D9,4,0) -> 200 | D24: =B24*C24 -> 200 | E24: =_xlfn.IFNA(VLOOKUP(VLOOKUP(A24,Products!A3:B9,2,0),Products!B3:C9,2,0),"Not Available") -> Electronics
A25: 104 | B25: 6 | C25: =VLOOKUP(A25,Products!A4:D10,4,0) -> 90 | D25: =B25*C25 -> 540 | E25: =_xlfn.IFNA(VLOOKUP(VLOOKUP(A25,Products!A4:B10,2,0),Products!B4:C10,2,0),"Not Available") -> Clothing
A26: 105 | B26: 4 | C26: =VLOOKUP(A26,Products!A5:D11,4,0) -> 220 | D26: =B26*C26 -> 880 | E26: =_xlfn.IFNA(VLOOKUP(VLOOKUP(A26,Products!A5:B11,2,0),Products!B5:C11,2,0),"Not Available") -> Furniture
A27: 106 | B27: 3 | C27: =VLOOKUP(A27,Products!A6:D12,4,0) -> 130 | D27: =B27*C27 -> 390 | E27: =_xlfn.IFNA(VLOOKUP(VLOOKUP(A27,Products!A6:B12,2,0),Products!B6:C12,2,0),"Not Available") -> Electronics
A28: 107 | B28: 7 | C28: 250 | D28: =B28*C28 -> 1750 | E28: =_xlfn.IFNA(VLOOKUP(VLOOKUP(A28,Products!A7:B13,2,0),Products!B7:C13,2,0),"Not Available") -> Not Available

Sheet Monthly Sales
B1: Jan | C1: Feb | D1: Mar | E1: Apr | F1: May
A2: Product A | B2: 120 | C2: 130 | D2: 140 | E2: 150 | F2: 160
A3: Product B | B3: 150 | C3: 160 | D3: 170 | E3: 180 | F3: 190
A4: Product C | B4: 200 | C4: 210 | D4: 220 | E4: 230 | F4: 240
A5: Product D | B5: 90 | C5: 100 | D5: 110 | E5: 120 | F5: 130
A6: Product E | B6: 220 | C6: 230 | D6: 240 | E6: 250 | F6: 260
A7: Product F | B7: 130 | C7: 140 | D7: 150 | E7: 160 | F7: 170
A9: 1. Use HLOOKUP to dynamically find the sales for Product B in a specified month.
A11: Product B | B11: Mar
A12: Sales | B12: =HLOOKUP(B11,A1:F7,3,0) -> 170
